Model,Source Language,Target Language,Dataset,Corpus BLEU,Mean BLEU,BLEU-1,BLEU-2,BLEU-3,BLEU-4,Brevity Penalty
Base NLLB (No Fine-tuning),Yami,Tagalog (tgl_Latn),Yami Validation Set,0.533702063815358,1.6809433219355856,5.2631578947368425,0.4807692307692308,0.26595744680851063,0.1488095238095238,0.9487294800164372
Base NLLB (No Fine-tuning),Yami,Tagalog (tgl_Latn),Yami Bible Dataset,0.08808558231463307,1.3043153476892742,7.175177763413058,0.21710086840347362,0.008638562543192813,0.004473872584108805,1.0
Base NLLB (No Fine-tuning),Pangasinan,Tagalog (tgl_Latn),Pangasinan Bible Dataset,0.3527374301893957,1.683060356714016,9.407035175879397,0.7958115183246073,0.1092896174863388,0.022857142857142857,0.9538620869738946
Base NLLB (No Fine-tuning),Pangasinan,Tagalog (tgl_Latn),Pangasinan Validation Set,0.7989746268871325,3.561819075400016,12.631578947368421,1.2195121951219512,0.24154589371980675,0.14705882352941177,0.9289650048965451
